{
	"color": "#ffffffff",
	"description": "",
	"display_name": "",
	"display_name_bool": false,
	"id": "character-1677556264.json",
	"mirror_portraits": false,
	"name": "Hiroshi",
	"nickname": "",
	"nickname_bool": false,
	"offset_x": 0,
	"offset_y": 0,
	"portraits": [
		{
			"name": "Default",
			"path": "res://Echo/Characters/Hiroshi_Mad_Hat.png"
		},
		{
			"name": "Hiroshi_Mad",
			"path": "res://Echo/Characters/Hiroshi_Mad.png"
		},
		{
			"name": "Hiroshi_happy_hat",
			"path": "res://Echo/Characters/Hiroshi_happy_hat.png"
		},
		{
			"name": "Hiroshi_happy",
			"path": "res://Echo/Characters/Hiroshi_happy.png"
		}
	],
	"scale": 60,
	"theme": ""
}
