{
	"events": [
		{
			"background": "",
			"event_id": "dialogic_021"
		},
		{
			"animation": "[Default]",
			"animation_length": 0,
			"change_mirror_portrait": false,
			"change_z_index": false,
			"character": "character-1676265208.json",
			"event_id": "dialogic_002",
			"mirror_portrait": false,
			"portrait": "Default",
			"portrait_definition": "",
			"position": {
				"0": false,
				"1": false,
				"2": true,
				"3": false,
				"4": false
			},
			"type": 0,
			"z_index": 0
		},
		{
			"character": "",
			"event_id": "dialogic_001",
			"portrait": "",
			"text": "You wake up on a cold hard floor. You slowly get up and rub your bleary eyes, only to come face to face with iron bars."
		},
		{
			"character": "character-1676265208.json",
			"event_id": "dialogic_001",
			"portrait": "",
			"text": "What the … hell?"
		},
		{
			"character": "",
			"event_id": "dialogic_010",
			"options": [

			],
			"portrait": "",
			"question": "There is a flicking electric light hanging on the other side of the iron bars. The professor is sleeping next to you, and is slightly snoring."
		},
		{
			"choice": "Wake him up",
			"condition": "",
			"definition": "",
			"event_id": "dialogic_011",
			"value": ""
		},
		{
			"character": "",
			"event_id": "dialogic_001",
			"portrait": "",
			"text": "You shake the professor awake, and he gets up and yawns."
		},
		{
			"choice": "Let him sleep",
			"condition": "",
			"definition": "",
			"event_id": "dialogic_011",
			"value": ""
		},
		{
			"character": "",
			"event_id": "dialogic_001",
			"portrait": "",
			"text": "You decide to let him sleep a little bit longer. You’re not exactly sure how to explain the situation you currently have found yourself in to him anyways."
		},
		{
			"event_id": "dialogic_013"
		},
		{
			"character": "",
			"event_id": "dialogic_001",
			"portrait": "",
			"text": "The professor rubs his eyes and stretches. Then, as soon as he realizes he’s not in a hotel of some kind, he is suddenly startled."
		},
		{
			"animation": "[Default]",
			"animation_length": 0,
			"change_mirror_portrait": false,
			"change_z_index": false,
			"character": "character-1676265223.json",
			"event_id": "dialogic_002",
			"mirror_portrait": false,
			"portrait": "Default",
			"portrait_definition": "",
			"position": {
				"0": false,
				"1": true,
				"2": false,
				"3": false,
				"4": false
			},
			"type": 0,
			"z_index": 0
		},
		{
			"animation": "[Default]",
			"animation_length": 0,
			"change_mirror_portrait": false,
			"change_position": true,
			"change_z_index": false,
			"character": "character-1676265208.json",
			"event_id": "dialogic_002",
			"mirror_portrait": false,
			"portrait": "(Don't change)",
			"portrait_definition": "",
			"position": {
				"0": false,
				"1": false,
				"2": false,
				"3": true,
				"4": false
			},
			"type": 2,
			"z_index": 0
		},
		{
			"character": "",
			"event_id": "dialogic_001",
			"portrait": "",
			"text": "Where are we???"
		},
		{
			"character": "character-1676265208.json",
			"event_id": "dialogic_001",
			"portrait": "",
			"text": "That’s what I’d like to know."
		}
	],
	"metadata": {
		"dialogic-version": "1.4.5",
		"file": "timeline-1677555794.json",
		"name": "Hawaii pt.2"
	}
}
