{
	"events": [
		{
			"character": "",
			"event_id": "dialogic_001",
			"portrait": "",
			"text": "This is text not assigned to any character."
		},
		{
			"animation": "1-fade_in.gd",
			"animation_length": 0,
			"change_mirror_portrait": false,
			"change_z_index": false,
			"character": "character-1676253451.json",
			"event_id": "dialogic_002",
			"mirror_portrait": false,
			"portrait": "Default",
			"portrait_definition": "",
			"position": {
				"0": false,
				"1": false,
				"2": false,
				"3": false,
				"4": false
			},
			"type": 0,
			"z_index": 0
		},
		{
			"character": "character-1676253451.json",
			"event_id": "dialogic_001",
			"portrait": "",
			"text": "Hello! It's Example Char here!"
		},
		{
			"character": "character-1676253451.json",
			"event_id": "dialogic_001",
			"portrait": "",
			"text": "I currently have [kind] kindess and [brave] bravery."
		},
		{
			"character": "character-1676253451.json",
			"event_id": "dialogic_010",
			"options": [

			],
			"portrait": "",
			"question": "Do you want to raise my kindness or bravery?"
		},
		{
			"choice": "Kindness",
			"condition": "",
			"definition": "",
			"event_id": "dialogic_011",
			"value": ""
		},
		{
			"definition": "1676256261-787",
			"event_id": "dialogic_014",
			"operation": "+",
			"random_upper_limit": 100,
			"set_random": false,
			"set_value": "10"
		},
		{
			"character": "",
			"event_id": "dialogic_001",
			"portrait": "",
			"text": "You now have [kind] kindness."
		},
		{
			"choice": "Bravery",
			"condition": "",
			"definition": "",
			"event_id": "dialogic_011",
			"value": ""
		},
		{
			"definition": "1676256272-366",
			"event_id": "dialogic_014",
			"operation": "+",
			"random_upper_limit": 100,
			"set_random": false,
			"set_value": "10"
		},
		{
			"character": "",
			"event_id": "dialogic_001",
			"portrait": "",
			"text": "You now have [brave] braveness."
		},
		{
			"event_id": "dialogic_013"
		},
		{
			"condition": ">=",
			"definition": "1676256261-787",
			"event_id": "dialogic_012",
			"value": "10"
		},
		{
			"character": "character-1676253451.json",
			"event_id": "dialogic_001",
			"portrait": "",
			"text": "Oh, you raised my kindness!"
		},
		{
			"event_id": "dialogic_013"
		},
		{
			"condition": ">=",
			"definition": "1676256272-366",
			"event_id": "dialogic_012",
			"value": "10"
		},
		{
			"character": "character-1676253451.json",
			"event_id": "dialogic_001",
			"portrait": "",
			"text": "Oh, you raised my bravery!"
		},
		{
			"event_id": "dialogic_013"
		},
		{
			"character": "",
			"event_id": "dialogic_001",
			"portrait": "",
			"text": "Done!"
		}
	],
	"metadata": {
		"dialogic-version": "1.4.5",
		"file": "timeline-1676253710.json",
		"name": "Example Timeline"
	}
}
