{
	"events": [
		{
			"background": "res://Echo/Backgrounds/Ship.png",
			"event_id": "dialogic_021"
		},
		{
			"audio_bus": "Master",
			"background-music": "play",
			"event_id": "dialogic_031",
			"event_name": "BackgroundMusic",
			"fade_length": 0,
			"file": "res://Echo/Music/hawaii2.mp3",
			"volume": 0
		},
		{
			"animation": "[Default]",
			"animation_length": 0,
			"change_mirror_portrait": false,
			"change_z_index": false,
			"character": "character-1676341130.json",
			"event_id": "dialogic_002",
			"mirror_portrait": false,
			"portrait": "Default",
			"portrait_definition": "",
			"position": {
				"0": false,
				"1": false,
				"2": false,
				"3": true,
				"4": false
			},
			"type": 0,
			"z_index": 0
		},
		{
			"animation": "[Default]",
			"animation_length": 0,
			"change_mirror_portrait": false,
			"change_z_index": false,
			"character": "character-1676265223.json",
			"event_id": "dialogic_002",
			"mirror_portrait": false,
			"portrait": "Default",
			"portrait_definition": "",
			"position": {
				"0": false,
				"1": false,
				"2": true,
				"3": false,
				"4": false
			},
			"type": 0,
			"z_index": 0
		},
		{
			"animation": "[Default]",
			"animation_length": 0,
			"change_mirror_portrait": false,
			"change_z_index": false,
			"character": "character-1676265208.json",
			"event_id": "dialogic_002",
			"mirror_portrait": false,
			"portrait": "Default",
			"portrait_definition": "",
			"position": {
				"0": false,
				"1": false,
				"2": false,
				"3": true,
				"4": false
			},
			"type": 0,
			"z_index": 0
		},
		{
			"animation": "[Default]",
			"animation_length": 0,
			"change_mirror_portrait": false,
			"change_z_index": false,
			"character": "character-1677847888.json",
			"event_id": "dialogic_002",
			"mirror_portrait": false,
			"portrait": "Default",
			"portrait_definition": "",
			"position": {
				"0": false,
				"1": true,
				"2": false,
				"3": false,
				"4": false
			},
			"type": 0,
			"z_index": 0
		},
		{
			"character": "",
			"event_id": "dialogic_001",
			"portrait": "",
			"text": "DATE: FEBRUARY 1937"
		},
		{
			"character": "",
			"event_id": "dialogic_001",
			"portrait": "",
			"text": "LOCATION: HONOLULU, HAWAII, UNITED STATES OF AMERICA"
		},
		{
			"character": "",
			"event_id": "dialogic_001",
			"portrait": "",
			"text": "The sun blazes above you as you walk off the deck of the ship."
		},
		{
			"background": "res://Echo/Backgrounds/Hawaii.png",
			"event_id": "dialogic_021"
		},
		{
			"character": "",
			"event_id": "dialogic_001",
			"portrait": "",
			"text": "The Professor seems oblivious to the heat, while Raj is preoccupied with getting his bearings with how [i]crowded[/i] it is here."
		},
		{
			"character": "",
			"event_id": "dialogic_001",
			"portrait": "",
			"text": "Honolulu is bustling with people."
		},
		{
			"character": "",
			"event_id": "dialogic_001",
			"portrait": "",
			"text": "The air is filled with the scent of the sea, marred by loud noises of vendors selling their wares."
		},
		{
			"character": "character-1676341130.json",
			"event_id": "dialogic_010",
			"options": [

			],
			"portrait": "",
			"question": "[i]Meow.[/i]"
		},
		{
			"choice": "“I know, Soot.”",
			"condition": "",
			"definition": "",
			"event_id": "dialogic_011",
			"value": ""
		},
		{
			"choice": "Nod understandably.",
			"condition": "",
			"definition": "",
			"event_id": "dialogic_011",
			"value": ""
		},
		{
			"choice": "“Soot, I’ve a feeling we’re not in LA anymore.”",
			"condition": "",
			"definition": "",
			"event_id": "dialogic_011",
			"value": ""
		},
		{
			"event_id": "dialogic_013"
		},
		{
			"character": "character-1676341130.json",
			"event_id": "dialogic_001",
			"portrait": "",
			"text": "[i]Meow.[/i]"
		},
		{
			"character": "character-1677847888.json",
			"event_id": "dialogic_001",
			"portrait": "",
			"text": "Ugh, it’s so crowded here. Come on. Let’s get to our lodgings ASAP."
		},
		{
			"character": "character-1676265223.json",
			"event_id": "dialogic_001",
			"portrait": "",
			"text": "Ooh intriguing wares!!"
		},
		{
			"animation": "[Default]",
			"animation_length": 0,
			"change_mirror_portrait": false,
			"change_z_index": false,
			"character": "character-1676265223.json",
			"event_id": "dialogic_002",
			"mirror_portrait": false,
			"portrait": "",
			"portrait_definition": "",
			"position": {
				"0": false,
				"1": false,
				"2": false,
				"3": false,
				"4": false
			},
			"type": 1,
			"z_index": 0
		},
		{
			"character": "",
			"event_id": "dialogic_001",
			"portrait": "",
			"text": "Before you can react, the Professor wanders off into the market and disappears into the crowds."
		},
		{
			"character": "character-1677847888.json",
			"event_id": "dialogic_001",
			"portrait": "",
			"text": "Howard!"
		},
		{
			"character": "",
			"event_id": "dialogic_001",
			"portrait": "",
			"text": "Raj sighs."
		},
		{
			"character": "character-1677847888.json",
			"event_id": "dialogic_010",
			"options": [

			],
			"portrait": "",
			"question": "Come on, we have to find him before he gets in trouble. You know how that old Professor is!"
		},
		{
			"choice": "“Let’s go!”",
			"condition": "",
			"definition": "",
			"event_id": "dialogic_011",
			"value": ""
		},
		{
			"definition": "1676256272-366",
			"event_id": "dialogic_014",
			"operation": "+",
			"random_upper_limit": 100,
			"set_random": false,
			"set_value": "1"
		},
		{
			"character": "",
			"event_id": "dialogic_001",
			"portrait": "",
			"text": "You stick close to Raj, following him as he snakes through the Honolulu crowds."
		},
		{
			"choice": "“The Professor can take care of himself.”",
			"condition": "",
			"definition": "",
			"event_id": "dialogic_011",
			"value": ""
		},
		{
			"definition": "1676256278-146",
			"event_id": "dialogic_014",
			"operation": "+",
			"random_upper_limit": 100,
			"set_random": false,
			"set_value": "1"
		},
		{
			"character": "character-1676265208.json",
			"event_id": "dialogic_001",
			"portrait": "",
			"text": "Let’s keep our distance, though."
		},
		{
			"character": "character-1676265208.json",
			"event_id": "dialogic_001",
			"portrait": "",
			"text": "We can keep an eye on him together."
		},
		{
			"character": "character-1677847888.json",
			"event_id": "dialogic_001",
			"portrait": "",
			"text": "Smart move. Stay close."
		},
		{
			"choice": "“Want to… hold hands?”",
			"condition": "",
			"definition": "",
			"event_id": "dialogic_011",
			"value": ""
		},
		{
			"definition": "1676256284-918",
			"event_id": "dialogic_014",
			"operation": "+",
			"random_upper_limit": 100,
			"set_random": false,
			"set_value": "1"
		},
		{
			"character": "character-1676265208.json",
			"event_id": "dialogic_001",
			"portrait": "",
			"text": "So we don’t get separated in these dense crowds."
		},
		{
			"character": "",
			"event_id": "dialogic_001",
			"portrait": "",
			"text": "Raj looks slightly taken aback."
		},
		{
			"character": "character-1677847888.json",
			"event_id": "dialogic_001",
			"portrait": "",
			"text": "Sure."
		},
		{
			"character": "",
			"event_id": "dialogic_001",
			"portrait": "",
			"text": "You hold each other’s hand and dive into the crowds."
		},
		{
			"event_id": "dialogic_013"
		},
		{
			"character": "",
			"event_id": "dialogic_001",
			"portrait": "",
			"text": "The crowds are so dense, that you find yourself almost lost, only able to keep Raj within sight by sheer luck."
		},
		{
			"animation": "[Default]",
			"animation_length": 0,
			"change_mirror_portrait": false,
			"change_z_index": false,
			"character": "character-1677847888.json",
			"event_id": "dialogic_002",
			"mirror_portrait": false,
			"portrait": "",
			"portrait_definition": "",
			"position": {
				"0": false,
				"1": false,
				"2": false,
				"3": false,
				"4": false
			},
			"type": 1,
			"z_index": 0
		},
		{
			"animation": "[Default]",
			"animation_length": 0,
			"change_mirror_portrait": false,
			"change_position": true,
			"change_z_index": false,
			"character": "character-1676341130.json",
			"event_id": "dialogic_002",
			"mirror_portrait": false,
			"portrait": "(Don't change)",
			"portrait_definition": "",
			"position": {
				"0": false,
				"1": false,
				"2": true,
				"3": false,
				"4": false
			},
			"type": 2,
			"z_index": 0
		},
		{
			"animation": "[Default]",
			"animation_length": 0,
			"change_mirror_portrait": false,
			"change_position": true,
			"change_z_index": false,
			"character": "character-1676265208.json",
			"event_id": "dialogic_002",
			"mirror_portrait": false,
			"portrait": "(Don't change)",
			"portrait_definition": "",
			"position": {
				"0": false,
				"1": false,
				"2": true,
				"3": false,
				"4": false
			},
			"type": 2,
			"z_index": 0
		},
		{
			"character": "",
			"event_id": "dialogic_001",
			"portrait": "",
			"text": "With how crowded the streets are, you inevitably get tangled into the crowd–losing Raj momentarily."
		},
		{
			"character": "",
			"event_id": "dialogic_001",
			"portrait": "",
			"text": "When you stumble out of the arms and legs that you’ve gotten yourself into, you’re pitched forward into the arms of someone you’ve definitely not met before."
		},
		{
			"animation": "[Default]",
			"animation_length": 0,
			"change_mirror_portrait": false,
			"change_z_index": false,
			"character": "character-1677554507.json",
			"event_id": "dialogic_002",
			"mirror_portrait": false,
			"portrait": "Default",
			"portrait_definition": "",
			"position": {
				"0": false,
				"1": true,
				"2": false,
				"3": false,
				"4": false
			},
			"type": 0,
			"z_index": 0
		},
		{
			"character": "character-1677554507.json",
			"event_id": "dialogic_001",
			"portrait": "JUAN_HAPPY",
			"text": "Woah there bud, can’t have just anyone falling for me."
		},
		{
			"character": "",
			"event_id": "dialogic_001",
			"portrait": "",
			"text": "The young man helps you back onto your feet. He’s about your age, and definitely looks like someone all the girls back home would fawn over."
		},
		{
			"character": "",
			"event_id": "dialogic_001",
			"portrait": "",
			"text": "He’s still holding onto your arms to steady you, but once you find your footing he lets go, raising one slightly calloused hand up to tousle his hair."
		},
		{
			"animation": "[Default]",
			"animation_length": 0,
			"change_mirror_portrait": false,
			"change_position": true,
			"change_z_index": false,
			"character": "character-1676341130.json",
			"event_id": "dialogic_002",
			"mirror_portrait": false,
			"portrait": "(Don't change)",
			"portrait_definition": "",
			"position": {
				"0": false,
				"1": false,
				"2": false,
				"3": true,
				"4": false
			},
			"type": 2,
			"z_index": 0
		},
		{
			"animation": "[Default]",
			"animation_length": 0,
			"change_mirror_portrait": false,
			"change_position": true,
			"change_z_index": false,
			"character": "character-1676265208.json",
			"event_id": "dialogic_002",
			"mirror_portrait": false,
			"portrait": "(Don't change)",
			"portrait_definition": "",
			"position": {
				"0": false,
				"1": false,
				"2": false,
				"3": true,
				"4": false
			},
			"type": 2,
			"z_index": 0
		},
		{
			"character": "character-1677554507.json",
			"event_id": "dialogic_001",
			"portrait": "Default",
			"text": "Are you good? Hello?"
		},
		{
			"character": "",
			"event_id": "dialogic_001",
			"portrait": "",
			"text": "As he waves his hands in front of you you can’t help but notice that the end of his words are tinged with something you don't recognize. "
		},
		{
			"character": "",
			"event_id": "dialogic_001",
			"portrait": "",
			"text": "Was he not from Hawaii?"
		},
		{
			"character": "",
			"event_id": "dialogic_010",
			"options": [

			],
			"portrait": "",
			"question": "Finally, you break out of your stupor to see the young man getting more frantic in front of you. Did you really not respond back already?"
		},
		{
			"choice": "“I’m fine!”",
			"condition": "",
			"definition": "",
			"event_id": "dialogic_011",
			"value": ""
		},
		{
			"definition": "1676256284-918",
			"event_id": "dialogic_014",
			"operation": "+",
			"random_upper_limit": 100,
			"set_random": false,
			"set_value": "1"
		},
		{
			"character": "character-1676265208.json",
			"event_id": "dialogic_001",
			"portrait": "",
			"text": "All dandy! I’m actually looking for a man that I came here with. "
		},
		{
			"character": "character-1676265208.json",
			"event_id": "dialogic_001",
			"portrait": "",
			"text": "About this tall, silver hair, huge glasses?"
		},
		{
			"character": "",
			"event_id": "dialogic_001",
			"portrait": "",
			"text": "If it was even possible, his smile grows more! "
		},
		{
			"character": "character-1677554507.json",
			"event_id": "dialogic_001",
			"portrait": "JUAN_HAPPY",
			"text": "Oh, el patron! Yes, I was just talking to him earlier, wanted to go to some Shan-gri-La? Of course I said I could take him there, anything for the patron."
		},
		{
			"character": "character-1677554507.json",
			"event_id": "dialogic_001",
			"portrait": "Default",
			"text": "I’m Juan, Juan Martinez. The pleasure is all mine."
		},
		{
			"choice": "“Who are you?”",
			"condition": "",
			"definition": "",
			"event_id": "dialogic_011",
			"value": ""
		},
		{
			"definition": "1676256278-146",
			"event_id": "dialogic_014",
			"operation": "+",
			"random_upper_limit": 100,
			"set_random": false,
			"set_value": "1"
		},
		{
			"character": "character-1677554507.json",
			"event_id": "dialogic_001",
			"portrait": "Default",
			"text": "Calm down, chiquito, I mean no harm. I’m Juan, Juan Martinez, and I was actually coming to look for you. Your Profe sent me to come find you, we have an expedition that we’re going on together!"
		},
		{
			"event_id": "dialogic_013"
		},
		{
			"character": "",
			"event_id": "dialogic_001",
			"portrait": "",
			"text": "Still wary of the friendly man, you decide to follow him, the top of his head alerting you of his presence even as he manages to slip into the crowd."
		},
		{
			"character": "",
			"event_id": "dialogic_001",
			"portrait": "",
			"text": "Wait."
		},
		{
			"character": "",
			"event_id": "dialogic_001",
			"portrait": "",
			"text": "Where’s Raj?!"
		},
		{
			"character": "character-1677847888.json",
			"event_id": "dialogic_001",
			"portrait": "",
			"text": "[YOUR NAME]!"
		},
		{
			"animation": "[Default]",
			"animation_length": 0,
			"change_mirror_portrait": false,
			"change_z_index": false,
			"character": "character-1677847888.json",
			"event_id": "dialogic_002",
			"mirror_portrait": false,
			"portrait": "Default",
			"portrait_definition": "",
			"position": {
				"0": false,
				"1": false,
				"2": true,
				"3": false,
				"4": false
			},
			"type": 0,
			"z_index": 0
		},
		{
			"character": "",
			"event_id": "dialogic_001",
			"portrait": "",
			"text": "Raj emerges from the crowd and grabs your hand."
		},
		{
			"character": "character-1677847888.json",
			"event_id": "dialogic_001",
			"portrait": "",
			"text": "I thought I lost you!"
		},
		{
			"character": "",
			"event_id": "dialogic_001",
			"portrait": "",
			"text": "Juan rebounds back to the two of you."
		},
		{
			"character": "character-1677554507.json",
			"event_id": "dialogic_001",
			"portrait": "Default",
			"text": "Hey there! I’m just helping your friend from his Profe."
		},
		{
			"animation": "[Default]",
			"animation_length": 0,
			"change_mirror_portrait": true,
			"change_position": false,
			"change_z_index": false,
			"character": "character-1677847888.json",
			"event_id": "dialogic_002",
			"mirror_portrait": true,
			"portrait": "(Don't change)",
			"portrait_definition": "",
			"position": {
				"0": false,
				"1": false,
				"2": false,
				"3": false,
				"4": false
			},
			"type": 2,
			"z_index": 0
		},
		{
			"character": "",
			"event_id": "dialogic_001",
			"portrait": "",
			"text": "Raj looks him over."
		},
		{
			"character": "character-1677847888.json",
			"event_id": "dialogic_001",
			"portrait": "",
			"text": "Who are [i]you?[/i]"
		},
		{
			"character": "character-1677554507.json",
			"event_id": "dialogic_001",
			"portrait": "",
			"text": "Ah, the name’s Juan, Juan Martinez!"
		},
		{
			"character": "character-1677554507.json",
			"event_id": "dialogic_001",
			"portrait": "",
			"text": "I was just talking with your Profe, follow me! We’ll go on a journey together!"
		},
		{
			"animation": "[Default]",
			"animation_length": 0,
			"change_mirror_portrait": true,
			"change_position": false,
			"change_z_index": false,
			"character": "character-1677847888.json",
			"event_id": "dialogic_002",
			"mirror_portrait": false,
			"portrait": "(Don't change)",
			"portrait_definition": "",
			"position": {
				"0": false,
				"1": false,
				"2": false,
				"3": false,
				"4": false
			},
			"type": 2,
			"z_index": 0
		},
		{
			"character": "character-1677847888.json",
			"event_id": "dialogic_001",
			"portrait": "",
			"text": "Tch. I don’t think so. Come on, [YOUR NAME]."
		},
		{
			"character": "character-1677847888.json",
			"event_id": "dialogic_001",
			"portrait": "",
			"text": "I’m not about to be scammed."
		},
		{
			"character": "",
			"event_id": "dialogic_001",
			"portrait": "",
			"text": "Raj starts pulling you away from Juan."
		},
		{
			"character": "character-1677554507.json",
			"event_id": "dialogic_010",
			"options": [

			],
			"portrait": "",
			"question": "Hey, I’m no scammer!"
		},
		{
			"choice": "Side with Raj.",
			"condition": "",
			"definition": "",
			"event_id": "dialogic_011",
			"value": ""
		},
		{
			"definition": "1678425930-787",
			"event_id": "dialogic_014",
			"operation": "+",
			"random_upper_limit": 100,
			"set_random": false,
			"set_value": "1"
		},
		{
			"character": "character-1676265208.json",
			"event_id": "dialogic_001",
			"portrait": "",
			"text": "Alright Raj, I trust your street smarts."
		},
		{
			"character": "character-1677847888.json",
			"event_id": "dialogic_001",
			"portrait": "",
			"text": "As you should."
		},
		{
			"character": "",
			"event_id": "dialogic_001",
			"portrait": "",
			"text": "Even though you follow Raj away and continue searching the marketplace for the Professor, Juan tags along."
		},
		{
			"character": "",
			"event_id": "dialogic_001",
			"portrait": "",
			"text": "About 15 minutes pass, and you feel like walking in circles. Raj definitely doesn’t know where he’s going."
		},
		{
			"character": "character-1677554507.json",
			"event_id": "dialogic_001",
			"portrait": "",
			"text": "Look. I just talked with your Profe–he said to bring two travelers looking just like you to him. Trust me, amigo. I’m not lying."
		},
		{
			"animation": "[Default]",
			"animation_length": 0,
			"change_mirror_portrait": true,
			"change_position": false,
			"change_z_index": false,
			"character": "character-1677847888.json",
			"event_id": "dialogic_002",
			"mirror_portrait": true,
			"portrait": "(Don't change)",
			"portrait_definition": "",
			"position": {
				"0": false,
				"1": false,
				"2": false,
				"3": false,
				"4": false
			},
			"type": 2,
			"z_index": 0
		},
		{
			"character": "character-1677847888.json",
			"event_id": "dialogic_001",
			"portrait": "",
			"text": "He’s [i]not[/i] my Profe! I’m his colleague–which [i]means[/i] I’m on equal footing with him. Hmph."
		},
		{
			"character": "character-1677847888.json",
			"event_id": "dialogic_001",
			"portrait": "",
			"text": "Ugh, fine. I’ll trust you… for now."
		},
		{
			"choice": "Side with Juan.",
			"condition": "",
			"definition": "",
			"event_id": "dialogic_011",
			"value": ""
		},
		{
			"definition": "1677563720-862",
			"event_id": "dialogic_014",
			"operation": "+",
			"random_upper_limit": 100,
			"set_random": false,
			"set_value": "1"
		},
		{
			"character": "character-1676265208.json",
			"event_id": "dialogic_001",
			"portrait": "",
			"text": "Come on, Raj. We’ve already lost sight of the Professor. Any help is beneficial."
		},
		{
			"character": "character-1677847888.json",
			"event_id": "dialogic_001",
			"portrait": "",
			"text": "Ugh, fine. But don’t fall for his tricks!"
		},
		{
			"character": "character-1677554507.json",
			"event_id": "dialogic_001",
			"portrait": "JUAN_HAPPY",
			"text": "Bueno! Come, come, I’ll take you to your Profe!"
		},
		{
			"animation": "[Default]",
			"animation_length": 0,
			"change_mirror_portrait": true,
			"change_position": false,
			"change_z_index": false,
			"character": "character-1677847888.json",
			"event_id": "dialogic_002",
			"mirror_portrait": true,
			"portrait": "(Don't change)",
			"portrait_definition": "",
			"position": {
				"0": false,
				"1": false,
				"2": false,
				"3": false,
				"4": false
			},
			"type": 2,
			"z_index": 0
		},
		{
			"character": "character-1677847888.json",
			"event_id": "dialogic_001",
			"portrait": "",
			"text": "He’s [i]not[/i] my Profe! I’m his colleague–which [i]means[/i] I’m on equal footing with him. Hmph."
		},
		{
			"event_id": "dialogic_013"
		},
		{
			"character": "character-1677554507.json",
			"event_id": "dialogic_001",
			"portrait": "Default",
			"text": "Alright, alright–sheesh. Follow me, amigos!"
		},
		{
			"animation": "[Default]",
			"animation_length": 0,
			"change_mirror_portrait": false,
			"change_position": true,
			"change_z_index": false,
			"character": "character-1677554507.json",
			"event_id": "dialogic_002",
			"mirror_portrait": false,
			"portrait": "(Don't change)",
			"portrait_definition": "",
			"position": {
				"0": true,
				"1": false,
				"2": false,
				"3": false,
				"4": false
			},
			"type": 2,
			"z_index": 0
		},
		{
			"animation": "[Default]",
			"animation_length": 0,
			"change_mirror_portrait": false,
			"change_z_index": false,
			"character": "character-1676265223.json",
			"event_id": "dialogic_002",
			"mirror_portrait": true,
			"portrait": "Default",
			"portrait_definition": "",
			"position": {
				"0": false,
				"1": true,
				"2": false,
				"3": false,
				"4": false
			},
			"type": 0,
			"z_index": 0
		},
		{
			"character": "",
			"event_id": "dialogic_001",
			"portrait": "",
			"text": "Somehow, you manage to stumble your way to a clearing, where the Professor is talking to a set of burly men who look like they’re part of security."
		},
		{
			"character": "",
			"event_id": "dialogic_001",
			"portrait": "",
			"text": "Or… something else. You notice they are all wearing matching tattoos."
		},
		{
			"character": "",
			"event_id": "dialogic_010",
			"options": [

			],
			"portrait": "",
			"question": "One of them looks you over."
		},
		{
			"choice": "Stare at him back.",
			"condition": "",
			"definition": "",
			"event_id": "dialogic_011",
			"value": ""
		},
		{
			"definition": "1676256272-366",
			"event_id": "dialogic_014",
			"operation": "+",
			"random_upper_limit": 100,
			"set_random": false,
			"set_value": "1"
		},
		{
			"character": "",
			"event_id": "dialogic_001",
			"portrait": "",
			"text": "Even though the man was scary, you didn’t want to be eyed over."
		},
		{
			"character": "",
			"event_id": "dialogic_001",
			"portrait": "",
			"text": "You move a little closer and glare at the man, triumphant as he turns away."
		},
		{
			"character": "",
			"event_id": "dialogic_001",
			"portrait": "",
			"text": "However, now that you were in hearing range of the Professor, what he was saying caught your attention."
		},
		{
			"choice": "Slide closer to the Professor.",
			"condition": "",
			"definition": "",
			"event_id": "dialogic_011",
			"value": ""
		},
		{
			"definition": "1676256278-146",
			"event_id": "dialogic_014",
			"operation": "+",
			"random_upper_limit": 100,
			"set_random": false,
			"set_value": "1"
		},
		{
			"character": "character-1676265223.json",
			"event_id": "dialogic_001",
			"portrait": "",
			"text": "There are you, my young steward! Glad you’ve made it!"
		},
		{
			"choice": "Slide closer to Raj.",
			"condition": "",
			"definition": "",
			"event_id": "dialogic_011",
			"value": ""
		},
		{
			"definition": "1678425930-787",
			"event_id": "dialogic_014",
			"operation": "+",
			"random_upper_limit": 100,
			"set_random": false,
			"set_value": "1"
		},
		{
			"character": "character-1677847888.json",
			"event_id": "dialogic_001",
			"portrait": "",
			"text": "This is sketchy. Stay close to me."
		},
		{
			"choice": "Slide closer to Juan.",
			"condition": "",
			"definition": "",
			"event_id": "dialogic_011",
			"value": ""
		},
		{
			"definition": "1677563720-862",
			"event_id": "dialogic_014",
			"operation": "+",
			"random_upper_limit": 100,
			"set_random": false,
			"set_value": "1"
		},
		{
			"character": "character-1677554507.json",
			"event_id": "dialogic_001",
			"portrait": "JUAN_HAPPY",
			"text": "Hey there, amigo! See, your Profe’s right here with my guys!"
		},
		{
			"event_id": "dialogic_013"
		},
		{
			"animation": "[Default]",
			"animation_length": 0,
			"change_mirror_portrait": true,
			"change_position": false,
			"change_z_index": false,
			"character": "character-1676265223.json",
			"event_id": "dialogic_002",
			"mirror_portrait": false,
			"portrait": "Default",
			"portrait_definition": "",
			"position": {
				"0": false,
				"1": false,
				"2": false,
				"3": false,
				"4": false
			},
			"type": 2,
			"z_index": 0
		},
		{
			"character": "character-1676265223.json",
			"event_id": "dialogic_001",
			"portrait": "",
			"text": "…So as I was saying, we need immediate passage to the Himalayas for my young steward and I! "
		},
		{
			"character": "character-1676265223.json",
			"event_id": "dialogic_001",
			"portrait": "Happy_Professor",
			"text": "Exciting discoveries need to be made, and we have to go as soon as possible, possibly by boat through Tokyo, Japan, then make arrangements for us to drop by Kolkata for my good colleague Raj’s marriage."
		},
		{
			"character": "",
			"event_id": "dialogic_001",
			"portrait": "",
			"text": "Raj looks slightly embarrassed–or was it something else?"
		},
		{
			"character": "character-1677847888.json",
			"event_id": "dialogic_001",
			"portrait": "",
			"text": "You don’t need to tell them that, Howard."
		},
		{
			"character": "",
			"event_id": "dialogic_001",
			"portrait": "",
			"text": "The Professor continues, as if he hadn’t heard Raj."
		},
		{
			"character": "character-1676265223.json",
			"event_id": "dialogic_001",
			"portrait": "",
			"text": "For the sake of humanity, we must discover the secrets of that fantastic area, and bring it back for the rest of the world. I know that we will be able to find it!"
		},
		{
			"character": "character-1677555513.json",
			"event_id": "dialogic_001",
			"portrait": "",
			"text": "And the money?"
		},
		{
			"character": "character-1676265223.json",
			"event_id": "dialogic_001",
			"portrait": "Happy_Professor",
			"text": "Of course, the money will be there. I have enough and possibly more!"
		},
		{
			"character": "character-1677847888.json",
			"event_id": "dialogic_001",
			"portrait": "",
			"text": "Again, too much info, Howard! We don’t have a lot of money, sirs. We’re actually quite poor."
		},
		{
			"character": "",
			"event_id": "dialogic_001",
			"portrait": "",
			"text": "But the Professor naively grabs a wad of bills from his pouch and pushes it towards the burly men, who have still not said a word."
		},
		{
			"character": "character-1676265223.json",
			"event_id": "dialogic_001",
			"portrait": "",
			"text": "Consider this a payment for making sure we get on a boat. The real treasure is knowing you helped us reach one of the greatest discoveries in the world."
		},
		{
			"character": "character-1677847888.json",
			"event_id": "dialogic_001",
			"portrait": "",
			"text": "Howard!"
		},
		{
			"character": "",
			"event_id": "dialogic_001",
			"portrait": "",
			"text": "With this, Juan steps in, taking the money and quickly counting it before giving it to the burly man, who puts it away without a word."
		},
		{
			"character": "character-1677554507.json",
			"event_id": "dialogic_001",
			"portrait": "Default",
			"text": "Sure señor! We will get to where you need to go, as soon as we can! Count on us."
		},
		{
			"character": "character-1677847888.json",
			"event_id": "dialogic_001",
			"portrait": "",
			"text": "Hey, no! Give us back the money!"
		},
		{
			"character": "",
			"event_id": "dialogic_001",
			"portrait": "",
			"text": "He tries to grab it from the burly man, but he pulls it out of his reach."
		},
		{
			"animation": "[Default]",
			"animation_length": 0,
			"change_mirror_portrait": true,
			"change_position": false,
			"change_z_index": false,
			"character": "character-1676265223.json",
			"event_id": "dialogic_002",
			"mirror_portrait": true,
			"portrait": "(Don't change)",
			"portrait_definition": "",
			"position": {
				"0": false,
				"1": false,
				"2": false,
				"3": false,
				"4": false
			},
			"type": 2,
			"z_index": 0
		},
		{
			"character": "character-1676265223.json",
			"event_id": "dialogic_001",
			"portrait": "Default",
			"text": "What are you doing, Raj? This is an opportunity to make our journey much smoother!"
		},
		{
			"character": "character-1677847888.json",
			"event_id": "dialogic_001",
			"portrait": "",
			"text": "Howard! They’re scamming you!! They’re just gonna take our money and get away!"
		},
		{
			"animation": "[Default]",
			"animation_length": 0,
			"change_mirror_portrait": true,
			"change_position": false,
			"change_z_index": false,
			"character": "character-1677847888.json",
			"event_id": "dialogic_002",
			"mirror_portrait": false,
			"portrait": "(Don't change)",
			"portrait_definition": "",
			"position": {
				"0": false,
				"1": false,
				"2": false,
				"3": false,
				"4": false
			},
			"type": 2,
			"z_index": 0
		},
		{
			"character": "character-1677847888.json",
			"event_id": "dialogic_001",
			"portrait": "",
			"text": "[YOUR NAME], help me knock some sense into him!"
		},
		{
			"character": "",
			"event_id": "dialogic_001",
			"portrait": "",
			"text": "However wide Juan’s smile was, there was something wrong with the situation. "
		},
		{
			"character": "",
			"event_id": "dialogic_001",
			"portrait": "",
			"text": "How had the Professor met people that accepted to help so quickly? "
		},
		{
			"character": "",
			"event_id": "dialogic_001",
			"portrait": "",
			"text": "And would they have enough funds to continue the journey?"
		},
		{
			"character": "",
			"event_id": "dialogic_001",
			"portrait": "",
			"text": "The professor did have to pay for the ship to Hawaii, and the stack of bills that he had handed over was hefty."
		},
		{
			"character": "",
			"event_id": "dialogic_010",
			"options": [

			],
			"portrait": "",
			"question": "Were these people part of a traveling company, or were they trying to do something else to make money?"
		},
		{
			"choice": "Intervene.",
			"condition": "",
			"definition": "",
			"event_id": "dialogic_011",
			"value": ""
		},
		{
			"definition": "1676256278-146",
			"event_id": "dialogic_014",
			"operation": "+",
			"random_upper_limit": 100,
			"set_random": false,
			"set_value": "1"
		},
		{
			"character": "",
			"event_id": "dialogic_001",
			"portrait": "",
			"text": "There had to be a better way to get to Shangri-La! You don’t know these people who had so willingly offered help, and there was something fishy about the whole situation."
		},
		{
			"character": "character-1676265208.json",
			"event_id": "dialogic_001",
			"portrait": "",
			"text": "No! We don’t want to use your services, and we will find a better way to get to Shangri-La. Please return our money, and we will be out of your hair."
		},
		{
			"character": "",
			"event_id": "dialogic_001",
			"portrait": "",
			"text": "Finally, one of the silent burly men speaks with a snarl."
		},
		{
			"character": "character-1677555513.json",
			"event_id": "dialogic_001",
			"portrait": "",
			"text": "Not so fast. You paid us, and we have to compensate you."
		},
		{
			"character": "",
			"event_id": "dialogic_001",
			"portrait": "",
			"text": "As he speaks, he reaches forward to grab you, while the other men hold back the Professor and Raj."
		},
		{
			"character": "character-1677847888.json",
			"event_id": "dialogic_001",
			"portrait": "",
			"text": "HEY LET ME GO!!"
		},
		{
			"choice": "Stay quiet.",
			"condition": "",
			"definition": "",
			"event_id": "dialogic_011",
			"value": ""
		},
		{
			"character": "",
			"event_id": "dialogic_001",
			"portrait": "",
			"text": "There was no other way that the two of them could make it to Shangri-La without them. As much as the situation was odd, the best thing to do was to trust these people."
		},
		{
			"character": "character-1677555513.json",
			"event_id": "dialogic_001",
			"portrait": "",
			"text": "One more form of payment though, before we can fully pay you back."
		},
		{
			"character": "",
			"event_id": "dialogic_001",
			"portrait": "",
			"text": "Your hands are suddenly held behind your back."
		},
		{
			"event_id": "dialogic_013"
		},
		{
			"audio_bus": "Master",
			"background-music": "play",
			"event_id": "dialogic_031",
			"event_name": "BackgroundMusic",
			"fade_length": 1,
			"file": "",
			"volume": 0
		},
		{
			"character": "",
			"event_id": "dialogic_001",
			"portrait": "",
			"text": "Pain blooms in the back of your head, and you start to feel your vision grow hazy. The man had hit you."
		},
		{
			"character": "character-1677554507.json",
			"event_id": "dialogic_001",
			"portrait": "Default",
			"text": "Hey! This wasn’t part of the deal!"
		},
		{
			"character": "",
			"event_id": "dialogic_001",
			"portrait": "",
			"text": "The last thing you remember before you pass out is the worried expletives of Juan as he runs towards you."
		},
		{
			"animation": "[Default]",
			"animation_length": 0,
			"change_mirror_portrait": false,
			"change_z_index": false,
			"character": "[All]",
			"event_id": "dialogic_002",
			"mirror_portrait": false,
			"portrait": "",
			"portrait_definition": "",
			"position": {
				"0": false,
				"1": false,
				"2": false,
				"3": false,
				"4": false
			},
			"type": 1,
			"z_index": 0
		},
		{
			"background": "",
			"event_id": "dialogic_021"
		},
		{
			"event_id": "dialogic_023",
			"hide_dialogbox": true,
			"wait_seconds": 1
		},
		{
			"change_timeline": "timeline-1677480158.json",
			"event_id": "dialogic_020"
		}
	],
	"metadata": {
		"dialogic-version": "1.4.5",
		"file": "timeline-1678427077.json",
		"name": "Hawaii (revised) pt.1"
	}
}
