{
	"events": [
		{
			"background": "res://Echo/Backgrounds/Study Room.jpg",
			"event_id": "dialogic_021"
		},
		{
			"audio_bus": "Master",
			"background-music": "play",
			"event_id": "dialogic_031",
			"event_name": "BackgroundMusic",
			"fade_length": 0,
			"file": "res://Echo/Music/folk2-2.mp3",
			"volume": 0
		},
		{
			"animation": "[Default]",
			"animation_length": 0,
			"change_mirror_portrait": false,
			"change_z_index": false,
			"character": "character-1676341130.json",
			"event_id": "dialogic_002",
			"mirror_portrait": false,
			"portrait": "Default",
			"portrait_definition": "",
			"position": {
				"0": false,
				"1": false,
				"2": true,
				"3": false,
				"4": false
			},
			"type": 0,
			"z_index": 0
		},
		{
			"animation": "[Default]",
			"animation_length": 0,
			"change_mirror_portrait": false,
			"change_z_index": false,
			"character": "character-1676265208.json",
			"event_id": "dialogic_002",
			"mirror_portrait": false,
			"portrait": "Default",
			"portrait_definition": "",
			"position": {
				"0": false,
				"1": false,
				"2": true,
				"3": false,
				"4": false
			},
			"type": 0,
			"z_index": 0
		},
		{
			"character": "",
			"event_id": "dialogic_001",
			"portrait": "",
			"text": "DATE: JANUARY 1937"
		},
		{
			"character": "",
			"event_id": "dialogic_001",
			"portrait": "",
			"text": "LOCATION: LOS ANGELES, CALIFORNIA, UNITED STATES OF AMERICA"
		},
		{
			"character": "",
			"event_id": "dialogic_001",
			"portrait": "",
			"text": "You jolt awake on the couch."
		},
		{
			"character": "character-1676341130.json",
			"event_id": "dialogic_001",
			"portrait": "",
			"text": "[i]Meow.[/i]"
		},
		{
			"character": "character-1676265208.json",
			"event_id": "dialogic_010",
			"options": [

			],
			"portrait": "",
			"question": "Good morning, Soot."
		},
		{
			"choice": "Pet Soot.",
			"condition": "",
			"definition": "",
			"event_id": "dialogic_011",
			"value": ""
		},
		{
			"character": "",
			"event_id": "dialogic_001",
			"portrait": "",
			"text": "You gently pet the kitten’s ear."
		},
		{
			"choice": "Stretch.",
			"condition": "",
			"definition": "",
			"event_id": "dialogic_011",
			"value": ""
		},
		{
			"character": "",
			"event_id": "dialogic_001",
			"portrait": "",
			"text": "It feels good to stretch."
		},
		{
			"event_id": "dialogic_013"
		},
		{
			"character": "",
			"event_id": "dialogic_001",
			"portrait": "",
			"text": "That nightmare was months ago. Since then, you’ve traveled to Los Angeles and, through a series of fortunate events, became Professor Allwright’s assistant."
		},
		{
			"animation": "[Default]",
			"animation_length": 0,
			"change_mirror_portrait": true,
			"change_position": true,
			"change_z_index": false,
			"character": "character-1676265208.json",
			"event_id": "dialogic_002",
			"mirror_portrait": false,
			"portrait": "(Don't change)",
			"portrait_definition": "",
			"position": {
				"0": false,
				"1": false,
				"2": false,
				"3": false,
				"4": true
			},
			"type": 2,
			"z_index": 0
		},
		{
			"animation": "[Default]",
			"animation_length": 0,
			"change_mirror_portrait": true,
			"change_position": true,
			"change_z_index": false,
			"character": "character-1676341130.json",
			"event_id": "dialogic_002",
			"mirror_portrait": false,
			"portrait": "(Don't change)",
			"portrait_definition": "",
			"position": {
				"0": false,
				"1": false,
				"2": false,
				"3": false,
				"4": true
			},
			"type": 2,
			"z_index": 0
		},
		{
			"animation": "[Default]",
			"animation_length": 0,
			"change_mirror_portrait": false,
			"change_z_index": false,
			"character": "character-1676265223.json",
			"event_id": "dialogic_002",
			"mirror_portrait": false,
			"portrait": "Default",
			"portrait_definition": "",
			"position": {
				"0": false,
				"1": false,
				"2": true,
				"3": false,
				"4": false
			},
			"type": 0,
			"z_index": 0
		},
		{
			"animation": "[Default]",
			"animation_length": 0,
			"change_mirror_portrait": false,
			"change_z_index": false,
			"character": "character-1677847888.json",
			"event_id": "dialogic_002",
			"mirror_portrait": false,
			"portrait": "Default",
			"portrait_definition": "",
			"position": {
				"0": false,
				"1": true,
				"2": false,
				"3": false,
				"4": false
			},
			"type": 0,
			"z_index": 0
		},
		{
			"character": "",
			"event_id": "dialogic_001",
			"portrait": "",
			"text": "The Professor and… a new person are seated nearby, having coffee together."
		},
		{
			"character": "",
			"event_id": "dialogic_001",
			"portrait": "",
			"text": "You’re familiar with the Professor (since you’ve been working for him for the past few months), but this person is younger, almost your age."
		},
		{
			"character": "character-1676265223.json",
			"event_id": "dialogic_001",
			"portrait": "",
			"text": "Raj, you’re getting married?!"
		},
		{
			"character": "character-1677847888.json",
			"event_id": "dialogic_001",
			"portrait": "",
			"text": "Unfortunately."
		},
		{
			"character": "character-1676265223.json",
			"event_id": "dialogic_001",
			"portrait": "",
			"text": "BUT RAJ WHAT ABOUT YOUR RESEARCH?!"
		},
		{
			"character": "",
			"event_id": "dialogic_001",
			"portrait": "",
			"text": "The Professor slams his hand on the desk."
		},
		{
			"character": "character-1676265223.json",
			"event_id": "dialogic_001",
			"portrait": "",
			"text": "You’ve worked all your life for this! Don’t throw it away!"
		},
		{
			"character": "character-1677847888.json",
			"event_id": "dialogic_001",
			"portrait": "",
			"text": "It’s not like I have a choice. My parents chose the woman–we’ve been set for each other since we were children."
		},
		{
			"character": "character-1676265223.json",
			"event_id": "dialogic_001",
			"portrait": "",
			"text": "W-What?! AN ARRANGED MARRIAGE?!"
		},
		{
			"character": "character-1677847888.json",
			"event_id": "dialogic_001",
			"portrait": "",
			"text": "I-I know. I’m not a big fan of it either, but I have to respect my parents’ wishes. My family is counting on me."
		},
		{
			"character": "character-1676265223.json",
			"event_id": "dialogic_001",
			"portrait": "",
			"text": "But the beyuls, Raj, the beyuls! Don’t you want to find it?!"
		},
		{
			"character": "",
			"event_id": "dialogic_001",
			"portrait": "",
			"text": "Ah, the beyuls."
		},
		{
			"character": "",
			"event_id": "dialogic_001",
			"portrait": "",
			"text": "The mythical, sacred valleys of Tibet, and the Professor’s main topic of research."
		},
		{
			"character": "character-1677847888.json",
			"event_id": "dialogic_001",
			"portrait": "",
			"text": "I do, but there’s nothing I can do about it. I’d disgrace my entire family if I refused this lifelong commitment."
		},
		{
			"character": "character-1677847888.json",
			"event_id": "dialogic_001",
			"portrait": "",
			"text": "So I have to return to Kolkata as soon as possible, or else my family and the bride’s family will suspect me of unfaithfulness. I can’t bear that shame on my name."
		},
		{
			"character": "character-1676265223.json",
			"event_id": "dialogic_001",
			"portrait": "",
			"text": "RAJ DON’T GIVE UP YOUR ACADEMIC DREAMS!"
		},
		{
			"character": "character-1677847888.json",
			"event_id": "dialogic_001",
			"portrait": "",
			"text": "I know. I tried to stall as long as possible but… it’s reached a dangerous point. They’ve already sent so many letters. I have to go back [i]now[/i]."
		},
		{
			"animation": "[Default]",
			"animation_length": 0,
			"change_mirror_portrait": true,
			"change_position": false,
			"change_z_index": true,
			"character": "character-1676265223.json",
			"event_id": "dialogic_002",
			"mirror_portrait": true,
			"portrait": "(Don't change)",
			"portrait_definition": "",
			"position": {
				"0": false,
				"1": false,
				"2": false,
				"3": false,
				"4": false
			},
			"type": 2,
			"z_index": 0
		},
		{
			"animation": "[Default]",
			"animation_length": 0,
			"change_mirror_portrait": false,
			"change_position": true,
			"change_z_index": false,
			"character": "character-1676265208.json",
			"event_id": "dialogic_002",
			"mirror_portrait": false,
			"portrait": "(Don't change)",
			"portrait_definition": "",
			"position": {
				"0": false,
				"1": false,
				"2": false,
				"3": true,
				"4": false
			},
			"type": 2,
			"z_index": 0
		},
		{
			"animation": "[Default]",
			"animation_length": 0,
			"change_mirror_portrait": false,
			"change_position": true,
			"change_z_index": false,
			"character": "character-1676341130.json",
			"event_id": "dialogic_002",
			"mirror_portrait": false,
			"portrait": "(Don't change)",
			"portrait_definition": "",
			"position": {
				"0": false,
				"1": false,
				"2": false,
				"3": true,
				"4": false
			},
			"type": 2,
			"z_index": 0
		},
		{
			"character": "character-1676265223.json",
			"event_id": "dialogic_010",
			"options": [

			],
			"portrait": "Happy_Professor",
			"question": "Raj… OH [YOUR NAME] GOOD MORNING! How are you this morning?"
		},
		{
			"choice": "Alright.",
			"condition": "",
			"definition": "",
			"event_id": "dialogic_011",
			"value": ""
		},
		{
			"character": "character-1676265223.json",
			"event_id": "dialogic_001",
			"portrait": "",
			"text": "I’m glad you slept well!"
		},
		{
			"choice": "Great!",
			"condition": "",
			"definition": "",
			"event_id": "dialogic_011",
			"value": ""
		},
		{
			"character": "character-1676265223.json",
			"event_id": "dialogic_001",
			"portrait": "",
			"text": "LOVELY!!!"
		},
		{
			"choice": "Horrible.",
			"condition": "",
			"definition": "",
			"event_id": "dialogic_011",
			"value": ""
		},
		{
			"character": "character-1676265223.json",
			"event_id": "dialogic_001",
			"portrait": "Default",
			"text": "I’m sorry to hear that. Here, have some tea. Teas are a great help against headaches!"
		},
		{
			"character": "",
			"event_id": "dialogic_001",
			"portrait": "",
			"text": "The Professor pours a cup of tea for you."
		},
		{
			"event_id": "dialogic_013"
		},
		{
			"character": "character-1677847888.json",
			"event_id": "dialogic_001",
			"portrait": "",
			"text": "Who is this, Howard?"
		},
		{
			"character": "character-1676265223.json",
			"event_id": "dialogic_001",
			"portrait": "Default",
			"text": "This is my young assistant, [YOUR NAME]. He’s been helping me around the office these past few months."
		},
		{
			"character": "character-1676265223.json",
			"event_id": "dialogic_001",
			"portrait": "",
			"text": "[YOUR NAME], this is Dr. Rajesh Ghoshal, of the Anthropology department at the University of Calcutta. Since he’s located in India, it’s much more convenient for him to study the beyuls, so we’ve collaborated!"
		},
		{
			"character": "",
			"event_id": "dialogic_001",
			"portrait": "",
			"text": "Raj holds his hand out to you."
		},
		{
			"character": "character-1677847888.json",
			"event_id": "dialogic_010",
			"options": [

			],
			"portrait": "",
			"question": "Call me Raj."
		},
		{
			"choice": "“Call me sweet patootie.” (Wink.)",
			"condition": "",
			"definition": "",
			"event_id": "dialogic_011",
			"value": ""
		},
		{
			"definition": "1676256272-366",
			"event_id": "dialogic_014",
			"operation": "+",
			"random_upper_limit": 100,
			"set_random": false,
			"set_value": "1"
		},
		{
			"character": "",
			"event_id": "dialogic_001",
			"portrait": "",
			"text": "Raj stares at you."
		},
		{
			"character": "character-1677847888.json",
			"event_id": "dialogic_001",
			"portrait": "",
			"text": "Sweet… patootie? I’ll settle for [YOUR NAME] for now, thanks."
		},
		{
			"character": "",
			"event_id": "dialogic_001",
			"portrait": "",
			"text": "He shakes your hand politely."
		},
		{
			"choice": "“Pleasure to meet you, Raj.”",
			"condition": "",
			"definition": "",
			"event_id": "dialogic_011",
			"value": ""
		},
		{
			"definition": "1676256278-146",
			"event_id": "dialogic_014",
			"operation": "+",
			"random_upper_limit": 100,
			"set_random": false,
			"set_value": "1"
		},
		{
			"character": "character-1677847888.json",
			"event_id": "dialogic_001",
			"portrait": "",
			"text": "Yeah."
		},
		{
			"character": "",
			"event_id": "dialogic_001",
			"portrait": "",
			"text": "He shakes your hand firmly."
		},
		{
			"choice": "“You must be a genius to receive a PhD so young.”",
			"condition": "",
			"definition": "",
			"event_id": "dialogic_011",
			"value": ""
		},
		{
			"definition": "1676256284-918",
			"event_id": "dialogic_014",
			"operation": "+",
			"random_upper_limit": 100,
			"set_random": false,
			"set_value": "1"
		},
		{
			"character": "character-1677847888.json",
			"event_id": "dialogic_001",
			"portrait": "",
			"text": "Of course! I’ve been fascinated with debunking myths and magic ever since I was a lad. It’s only natural that I entered academia at my age. And I think… we [i]are[/i] the same age, aren't we?"
		},
		{
			"character": "",
			"event_id": "dialogic_001",
			"portrait": "",
			"text": "You nod and shake his hand firmly."
		},
		{
			"character": "character-1677847888.json",
			"event_id": "dialogic_010",
			"options": [

			],
			"portrait": "",
			"question": "Is there any topic you’re fascinated about? Perhaps I could mentor you to enter academia as well."
		},
		{
			"choice": "I’m interested in beyuls, just like the Professor!",
			"condition": "",
			"definition": "",
			"event_id": "dialogic_011",
			"value": ""
		},
		{
			"character": "character-1677847888.json",
			"event_id": "dialogic_001",
			"portrait": "",
			"text": "Beyuls? Me as well. You have much to learn from both Howard and I."
		},
		{
			"choice": "I’m actually interested in you, Raj.",
			"condition": "",
			"definition": "",
			"event_id": "dialogic_011",
			"value": ""
		},
		{
			"definition": "1676256272-366",
			"event_id": "dialogic_014",
			"operation": "+",
			"random_upper_limit": 100,
			"set_random": false,
			"set_value": "1"
		},
		{
			"character": "character-1677847888.json",
			"event_id": "dialogic_001",
			"portrait": "",
			"text": "Oh, um… Well, I’ll have you know you have to write an entire dissertation on me if you want to receive a doctorate in Raj studies. Give up now. "
		},
		{
			"character": "character-1677847888.json",
			"event_id": "dialogic_001",
			"portrait": "",
			"text": "It’s a challenging field since there’s just so little you could ever hope to learn about Dr. Rajesh Ghoshal."
		},
		{
			"character": "",
			"event_id": "dialogic_001",
			"portrait": "",
			"text": "Despite his big words, he seems slightly flustered."
		},
		{
			"choice": "Not really.",
			"condition": "",
			"definition": "",
			"event_id": "dialogic_011",
			"value": ""
		},
		{
			"character": "character-1677847888.json",
			"event_id": "dialogic_001",
			"portrait": "",
			"text": "That’s alright. You still have time to decide on your career. I guess… maybe I rushed into it…"
		},
		{
			"event_id": "dialogic_013"
		},
		{
			"event_id": "dialogic_013"
		},
		{
			"animation": "[Default]",
			"animation_length": 0,
			"change_mirror_portrait": true,
			"change_position": false,
			"change_z_index": false,
			"character": "character-1676265223.json",
			"event_id": "dialogic_002",
			"mirror_portrait": false,
			"portrait": "(Don't change)",
			"portrait_definition": "",
			"position": {
				"0": false,
				"1": false,
				"2": false,
				"3": false,
				"4": false
			},
			"type": 2,
			"z_index": 0
		},
		{
			"character": "character-1676265223.json",
			"event_id": "dialogic_001",
			"portrait": "",
			"text": "So Raj, you’re saying you need to return to Kolkata as soon as possible? But you’ve just arrived in the States! We have much research to discuss! When will you visit again?"
		},
		{
			"character": "character-1677847888.json",
			"event_id": "dialogic_001",
			"portrait": "",
			"text": "I don’t know. I may be tied up in family matters so long I’d have to pause my research."
		},
		{
			"character": "",
			"event_id": "dialogic_001",
			"portrait": "",
			"text": "He sighed."
		},
		{
			"character": "character-1677847888.json",
			"event_id": "dialogic_001",
			"portrait": "",
			"text": "I really don’t want to do that, but… family first."
		},
		{
			"character": "character-1676265223.json",
			"event_id": "dialogic_010",
			"options": [

			],
			"portrait": "",
			"question": "Hmm…"
		},
		{
			"choice": "“Why don’t we accompany you on your trip to Kolkata?”",
			"condition": "",
			"definition": "",
			"event_id": "dialogic_011",
			"value": ""
		},
		{
			"definition": "1676256278-146",
			"event_id": "dialogic_014",
			"operation": "+",
			"random_upper_limit": 100,
			"set_random": false,
			"set_value": "1"
		},
		{
			"character": "character-1676265208.json",
			"event_id": "dialogic_001",
			"portrait": "",
			"text": "You can discuss research on the way."
		},
		{
			"character": "",
			"event_id": "dialogic_001",
			"portrait": "",
			"text": "The Professor snaps his fingers."
		},
		{
			"character": "character-1676265223.json",
			"event_id": "dialogic_001",
			"portrait": "",
			"text": "A remarkable idea, [YOUR NAME]! Perhaps I can finally solve the mystery surrounding the amulet…"
		},
		{
			"choice": "Pet Soot.",
			"condition": "",
			"definition": "",
			"event_id": "dialogic_011",
			"value": ""
		},
		{
			"character": "character-1676341130.json",
			"event_id": "dialogic_001",
			"portrait": "",
			"text": "[i]Meow.[/i]"
		},
		{
			"character": "character-1677847888.json",
			"event_id": "dialogic_001",
			"portrait": "",
			"text": "Why… don’t you tag along? Having the two of you–"
		},
		{
			"character": "character-1676341130.json",
			"event_id": "dialogic_001",
			"portrait": "",
			"text": "[i]Meow.[/i]"
		},
		{
			"character": "character-1677847888.json",
			"event_id": "dialogic_001",
			"portrait": "",
			"text": "The three of you along for the ride will entertain enough to not think about my doom–I mean, marriage!"
		},
		{
			"character": "character-1677847888.json",
			"event_id": "dialogic_001",
			"portrait": "",
			"text": "Ha, besides… Maybe you can finally solve the mystery surrounding that amulet, Howard."
		},
		{
			"event_id": "dialogic_013"
		},
		{
			"character": "character-1677847888.json",
			"event_id": "dialogic_001",
			"portrait": "",
			"text": "Speaking of which, can I see it?"
		},
		{
			"background": "res://Echo/Backgrounds/Study Room.jpg",
			"event_id": "dialogic_021"
		},
		{
			"character": "",
			"event_id": "dialogic_001",
			"portrait": "",
			"text": "The Professor pulls out an ancient amulet from his pocket and holds it out for Raj to examine."
		},
		{
			"character": "character-1677847888.json",
			"event_id": "dialogic_001",
			"portrait": "",
			"text": "Did you manage to crack it open?"
		},
		{
			"character": "character-1676265223.json",
			"event_id": "dialogic_001",
			"portrait": "",
			"text": "Unfortunately not."
		},
		{
			"character": "character-1676265223.json",
			"event_id": "dialogic_001",
			"portrait": "",
			"text": "But!"
		},
		{
			"character": "character-1676265223.json",
			"event_id": "dialogic_001",
			"portrait": "",
			"text": "I am convinced it is not a mere necklace! It’s [i]magical~[/i]"
		},
		{
			"character": "character-1677847888.json",
			"event_id": "dialogic_001",
			"portrait": "",
			"text": "It’s definitely not magical. The most we can expect from the necklace is a tea cake equivalent of a note. Just give up already. It’s just distracting you from your sacred valley research."
		},
		{
			"character": "character-1676265223.json",
			"event_id": "dialogic_001",
			"portrait": "",
			"text": "No! I’m convinced it’s hiding some secret!"
		},
		{
			"character": "character-1677847888.json",
			"event_id": "dialogic_001",
			"portrait": "",
			"text": "Tch. You’re being ridiculous, Howard. Magic isn’t real."
		},
		{
			"character": "character-1676265223.json",
			"event_id": "dialogic_001",
			"portrait": "",
			"text": "I’m not! I swear, it’s magical!"
		},
		{
			"character": "",
			"event_id": "dialogic_001",
			"portrait": "",
			"text": "Raj sighs."
		},
		{
			"character": "character-1677847888.json",
			"event_id": "dialogic_010",
			"options": [

			],
			"portrait": "",
			"question": "What do you think, [YOUR NAME]? Could an ancient trinket like this be magical?"
		},
		{
			"choice": "“It’s a possibility.”",
			"condition": "",
			"definition": "",
			"event_id": "dialogic_011",
			"value": ""
		},
		{
			"definition": "1676256278-146",
			"event_id": "dialogic_014",
			"operation": "+",
			"random_upper_limit": 100,
			"set_random": false,
			"set_value": "1"
		},
		{
			"character": "character-1677847888.json",
			"event_id": "dialogic_001",
			"portrait": "",
			"text": "A very slim one."
		},
		{
			"choice": "“You know what else is magical? You.”",
			"condition": "",
			"definition": "",
			"event_id": "dialogic_011",
			"value": ""
		},
		{
			"definition": "1676256272-366",
			"event_id": "dialogic_014",
			"operation": "+",
			"random_upper_limit": 100,
			"set_random": false,
			"set_value": "1"
		},
		{
			"character": "",
			"event_id": "dialogic_001",
			"portrait": "",
			"text": "Raj stares at you."
		},
		{
			"character": "character-1677847888.json",
			"event_id": "dialogic_010",
			"options": [

			],
			"portrait": "",
			"question": "Excuse me?"
		},
		{
			"choice": "“Everyone is magical in their own way.”",
			"condition": "",
			"definition": "",
			"event_id": "dialogic_011",
			"value": ""
		},
		{
			"character": "character-1677847888.json",
			"event_id": "dialogic_001",
			"portrait": "",
			"text": "Tch. I’m not one to deal in metaphors."
		},
		{
			"choice": "Shrug.",
			"condition": "",
			"definition": "",
			"event_id": "dialogic_011",
			"value": ""
		},
		{
			"character": "character-1677847888.json",
			"event_id": "dialogic_001",
			"portrait": "",
			"text": "You say things you don’t mean. Interesting."
		},
		{
			"event_id": "dialogic_013"
		},
		{
			"choice": "“I don’t know enough to evaluate.”",
			"condition": "",
			"definition": "",
			"event_id": "dialogic_011",
			"value": ""
		},
		{
			"definition": "1676256278-146",
			"event_id": "dialogic_014",
			"operation": "+",
			"random_upper_limit": 100,
			"set_random": false,
			"set_value": "1"
		},
		{
			"character": "character-1677847888.json",
			"event_id": "dialogic_010",
			"options": [

			],
			"portrait": "",
			"question": "A smart way to go, [YOUR NAME]. Soon, though, you’ll find ample proof that magic isn’t real. Nothing is magical in this pitiful existence we call life."
		},
		{
			"choice": "“Uh, are you okay?”",
			"condition": "",
			"definition": "",
			"event_id": "dialogic_011",
			"value": ""
		},
		{
			"character": "character-1677847888.json",
			"event_id": "dialogic_001",
			"portrait": "",
			"text": "Am I okay? Ever heard of nihilism? Nothing matters, but you wouldn’t understand, now, would you?"
		},
		{
			"choice": "“Okay…”",
			"condition": "",
			"definition": "",
			"event_id": "dialogic_011",
			"value": ""
		},
		{
			"character": "character-1677847888.json",
			"event_id": "dialogic_001",
			"portrait": "",
			"text": "I am merely stating a fact of life."
		},
		{
			"event_id": "dialogic_013"
		},
		{
			"event_id": "dialogic_013"
		},
		{
			"character": "character-1676265223.json",
			"event_id": "dialogic_001",
			"portrait": "",
			"text": "I will crack it open someday, and prove it’s magic to you, Raj!"
		},
		{
			"character": "character-1677847888.json",
			"event_id": "dialogic_010",
			"options": [

			],
			"portrait": "",
			"question": "Try me."
		},
		{
			"choice": "“How about we get going?”",
			"condition": "",
			"definition": "",
			"event_id": "dialogic_011",
			"value": ""
		},
		{
			"definition": "1676256261-787",
			"event_id": "dialogic_014",
			"operation": "+",
			"random_upper_limit": 100,
			"set_random": false,
			"set_value": "1"
		},
		{
			"character": "character-1677847888.json",
			"event_id": "dialogic_001",
			"portrait": "",
			"text": "Good idea. I have to get back or my family will be on my ass."
		},
		{
			"choice": "“Oh, I’d love to try you~”",
			"condition": "",
			"definition": "",
			"event_id": "dialogic_011",
			"value": ""
		},
		{
			"definition": "1676256272-366",
			"event_id": "dialogic_014",
			"operation": "+",
			"random_upper_limit": 100,
			"set_random": false,
			"set_value": "1"
		},
		{
			"character": "",
			"event_id": "dialogic_001",
			"portrait": "",
			"text": "Raj stares at you."
		},
		{
			"character": "character-1677847888.json",
			"event_id": "dialogic_001",
			"portrait": "",
			"text": "[i]What?![/i]"
		},
		{
			"character": "character-1676265208.json",
			"event_id": "dialogic_001",
			"portrait": "",
			"text": "Oh, nothing. I was talking to my breakfast."
		},
		{
			"character": "character-1676265208.json",
			"event_id": "dialogic_001",
			"portrait": "",
			"text": "You hold up a piece of toast."
		},
		{
			"character": "character-1677847888.json",
			"event_id": "dialogic_001",
			"portrait": "",
			"text": "Tch."
		},
		{
			"choice": "Pet Soot.",
			"condition": "",
			"definition": "",
			"event_id": "dialogic_011",
			"value": ""
		},
		{
			"character": "character-1676341130.json",
			"event_id": "dialogic_001",
			"portrait": "",
			"text": "[i]Meow.[/i]"
		},
		{
			"event_id": "dialogic_013"
		},
		{
			"character": "character-1676265223.json",
			"event_id": "dialogic_001",
			"portrait": "Happy_Professor",
			"text": "Let’s get packing then! [YOUR NAME] and I will drop by Tibet after we hit Kolkata. I’ll share my research with you!"
		},
		{
			"character": "",
			"event_id": "dialogic_001",
			"portrait": "",
			"text": "Raj has an expression on his face you can’t quite discern. Is he… disappointed? Longing?"
		},
		{
			"character": "",
			"event_id": "dialogic_001",
			"portrait": "",
			"text": "That expression is quickly wiped away."
		},
		{
			"character": "character-1677847888.json",
			"event_id": "dialogic_001",
			"portrait": "",
			"text": "The best route to Kolkata would be through Hawaii and Tokyo. I’ll go pack my things."
		},
		{
			"animation": "[Default]",
			"animation_length": 0,
			"change_mirror_portrait": false,
			"change_z_index": false,
			"character": "[All]",
			"event_id": "dialogic_002",
			"mirror_portrait": false,
			"portrait": "",
			"portrait_definition": "",
			"position": {
				"0": false,
				"1": false,
				"2": false,
				"3": false,
				"4": false
			},
			"type": 1,
			"z_index": 0
		},
		{
			"background": "",
			"event_id": "dialogic_021"
		},
		{
			"event_id": "dialogic_023",
			"hide_dialogbox": true,
			"wait_seconds": 1,
			"waiting_skippable": false
		},
		{
			"background": "res://Echo/Backgrounds/Ship.png",
			"event_id": "dialogic_021"
		},
		{
			"animation": "[Default]",
			"animation_length": 0,
			"change_mirror_portrait": false,
			"change_z_index": false,
			"character": "character-1676341130.json",
			"event_id": "dialogic_002",
			"mirror_portrait": false,
			"portrait": "Default",
			"portrait_definition": "",
			"position": {
				"0": false,
				"1": false,
				"2": false,
				"3": true,
				"4": false
			},
			"type": 0,
			"z_index": 0
		},
		{
			"animation": "[Default]",
			"animation_length": 0,
			"change_mirror_portrait": false,
			"change_z_index": false,
			"character": "character-1676265208.json",
			"event_id": "dialogic_002",
			"mirror_portrait": false,
			"portrait": "Default",
			"portrait_definition": "",
			"position": {
				"0": false,
				"1": false,
				"2": false,
				"3": true,
				"4": false
			},
			"type": 0,
			"z_index": 0
		},
		{
			"animation": "[Default]",
			"animation_length": 0,
			"change_mirror_portrait": false,
			"change_z_index": false,
			"character": "character-1677847888.json",
			"event_id": "dialogic_002",
			"mirror_portrait": false,
			"portrait": "Default",
			"portrait_definition": "",
			"position": {
				"0": false,
				"1": true,
				"2": false,
				"3": false,
				"4": false
			},
			"type": 0,
			"z_index": 0
		},
		{
			"character": "",
			"event_id": "dialogic_001",
			"portrait": "",
			"text": "After a few days of getting ready and Raj sending a letter to his family in Kolkata, you finally board the ship together."
		},
		{
			"character": "",
			"event_id": "dialogic_001",
			"portrait": "",
			"text": "While the Professor is carrying all his luggage onto the ship, Raj steps up next to you."
		},
		{
			"character": "character-1677847888.json",
			"event_id": "dialogic_010",
			"options": [

			],
			"portrait": "",
			"question": "So, Howard told me you’ve never been out of the country. How do you feel? Afraid?"
		},
		{
			"choice": "“A little.”",
			"condition": "",
			"definition": "",
			"event_id": "dialogic_011",
			"value": ""
		},
		{
			"definition": "1676256272-366",
			"event_id": "dialogic_014",
			"operation": "+",
			"random_upper_limit": 100,
			"set_random": false,
			"set_value": "1"
		},
		{
			"character": "character-1677847888.json",
			"event_id": "dialogic_001",
			"portrait": "",
			"text": "That’s reasonable."
		},
		{
			"character": "character-1677847888.json",
			"event_id": "dialogic_001",
			"portrait": "",
			"text": "There’s always something to be afraid of, in the unknown."
		},
		{
			"choice": "“Yes.”",
			"condition": "",
			"definition": "",
			"event_id": "dialogic_011",
			"value": ""
		},
		{
			"definition": "1676256272-366",
			"event_id": "dialogic_014",
			"operation": "+",
			"random_upper_limit": 100,
			"set_random": false,
			"set_value": "1"
		},
		{
			"character": "character-1677847888.json",
			"event_id": "dialogic_010",
			"options": [

			],
			"portrait": "",
			"question": "What are you afraid of? The sea? New lands? New people?"
		},
		{
			"choice": "“I… don’t know. I can’t quite put my finger on it.”",
			"condition": "",
			"definition": "",
			"event_id": "dialogic_011",
			"value": ""
		},
		{
			"character": "character-1677847888.json",
			"event_id": "dialogic_001",
			"portrait": "",
			"text": "That’s alright."
		},
		{
			"character": "",
			"event_id": "dialogic_001",
			"portrait": "",
			"text": "He turns back to look over the port."
		},
		{
			"character": "character-1677847888.json",
			"event_id": "dialogic_001",
			"portrait": "",
			"text": "I remember the first time I left home."
		},
		{
			"character": "character-1677847888.json",
			"event_id": "dialogic_001",
			"portrait": "",
			"text": "It was terrifying but… liberating. I hope you can feel the same way."
		},
		{
			"choice": "“I think… getting lost and not being able to find a way out.”",
			"condition": "",
			"definition": "",
			"event_id": "dialogic_011",
			"value": ""
		},
		{
			"character": "character-1677847888.json",
			"event_id": "dialogic_001",
			"portrait": "",
			"text": "A very reasonable fear."
		},
		{
			"event_id": "dialogic_013"
		},
		{
			"choice": "“No.”",
			"condition": "",
			"definition": "",
			"event_id": "dialogic_011",
			"value": ""
		},
		{
			"character": "character-1677847888.json",
			"event_id": "dialogic_001",
			"portrait": "",
			"text": "My, you’re a brave one."
		},
		{
			"character": "character-1677847888.json",
			"event_id": "dialogic_001",
			"portrait": "",
			"text": "Trouble is inevitable, though."
		},
		{
			"character": "character-1677847888.json",
			"event_id": "dialogic_001",
			"portrait": "",
			"text": "It takes real courage–or, perhaps, stupidity–to face it without fear."
		},
		{
			"event_id": "dialogic_013"
		},
		{
			"character": "character-1677847888.json",
			"event_id": "dialogic_001",
			"portrait": "",
			"text": "But don’t worry."
		},
		{
			"character": "character-1677847888.json",
			"event_id": "dialogic_001",
			"portrait": "",
			"text": "Since I’m a veteran traveler, I’ll make sure to stay by my novice’s side."
		},
		{
			"character": "character-1677847888.json",
			"event_id": "dialogic_001",
			"portrait": "",
			"text": "You won’t be lost as long as I’m here."
		},
		{
			"character": "character-1677847888.json",
			"event_id": "dialogic_001",
			"portrait": "",
			"text": "…"
		},
		{
			"character": "character-1677847888.json",
			"event_id": "dialogic_001",
			"portrait": "",
			"text": "Unless you do something stupid."
		},
		{
			"character": "character-1677847888.json",
			"event_id": "dialogic_001",
			"portrait": "",
			"text": "Then I can’t really save you from the consequences of your own actions, can I?"
		},
		{
			"animation": "[Default]",
			"animation_length": 0,
			"change_mirror_portrait": false,
			"change_z_index": false,
			"character": "character-1677847888.json",
			"event_id": "dialogic_002",
			"mirror_portrait": false,
			"portrait": "",
			"portrait_definition": "",
			"position": {
				"0": false,
				"1": false,
				"2": false,
				"3": false,
				"4": false
			},
			"type": 1,
			"z_index": 0
		},
		{
			"character": "",
			"event_id": "dialogic_001",
			"portrait": "",
			"text": "Raj boards the ship."
		},
		{
			"character": "",
			"event_id": "dialogic_010",
			"options": [

			],
			"portrait": "",
			"question": "As you board the ship to your first stop, Hawaii, you look back to the coast of the United States."
		},
		{
			"choice": "Goodbye, home.",
			"condition": "",
			"definition": "",
			"event_id": "dialogic_011",
			"value": ""
		},
		{
			"choice": "See ya.",
			"condition": "",
			"definition": "",
			"event_id": "dialogic_011",
			"value": ""
		},
		{
			"choice": "....",
			"condition": "",
			"definition": "",
			"event_id": "dialogic_011",
			"value": ""
		},
		{
			"event_id": "dialogic_013"
		},
		{
			"animation": "[Default]",
			"animation_length": 0,
			"change_mirror_portrait": false,
			"change_z_index": false,
			"character": "[All]",
			"event_id": "dialogic_002",
			"mirror_portrait": false,
			"portrait": "",
			"portrait_definition": "",
			"position": {
				"0": false,
				"1": false,
				"2": false,
				"3": false,
				"4": false
			},
			"type": 1,
			"z_index": 0
		},
		{
			"background": "",
			"event_id": "dialogic_021"
		},
		{
			"event_id": "dialogic_023",
			"hide_dialogbox": true,
			"wait_seconds": 1
		},
		{
			"change_timeline": "timeline-1678424833.json",
			"event_id": "dialogic_020"
		}
	],
	"metadata": {
		"dialogic-version": "1.4.5",
		"file": "timeline-1678420458.json",
		"name": "Short LA"
	}
}
