{
	"files": [

	],
	"folders": {
		"Characters": {
			"files": [
				"character-1676253451.json"
			],
			"folders": {
				"Main character": {
					"files": [
						"character-1676265208.json",
						"character-1676265223.json",
						"character-1676341130.json",
						"character-1677554507.json",
						"character-1677556264.json",
						"character-1677847888.json"
					],
					"folders": {

					},
					"metadata": {
						"color": null,
						"folded": false
					}
				},
				"NPCs": {
					"files": [
						"character-1676341108.json",
						"character-1677208371.json",
						"character-1677478828.json",
						"character-1677555513.json",
						"character-1677556412.json",
						"character-1677556842.json",
						"character-1677563458.json",
						"character-1677564255.json"
					],
					"folders": {

					},
					"metadata": {
						"color": null,
						"folded": false
					}
				}
			},
			"metadata": {
				"color": null,
				"folded": false
			}
		},
		"Definitions": {
			"files": [
				"1676253825-648",
				"1676256261-787",
				"1676256272-366",
				"1676256278-146",
				"1676256284-918",
				"1676351999-970",
				"1677207446-648",
				"1677208041-787",
				"1677208058-366",
				"1677208075-146",
				"1677563720-862",
				"1678425318-648",
				"1678425930-787"
			],
			"folders": {

			},
			"metadata": {
				"color": null,
				"folded": false
			}
		},
		"Themes": {
			"files": [
				"default-theme.cfg",
				"theme-1676253521.cfg"
			],
			"folders": {

			},
			"metadata": {
				"color": null,
				"folded": false
			}
		},
		"Timelines": {
			"files": [
				"timeline-1676253710.json",
				"timeline-1676264579.json",
				"timeline-1676341144.json",
				"timeline-1677206195.json",
				"timeline-1677207980.json",
				"timeline-1677477516.json",
				"timeline-1677480158.json",
				"timeline-1677480708.json",
				"timeline-1677553588.json",
				"timeline-1677555794.json",
				"timeline-1677556120.json",
				"timeline-1677562380.json",
				"timeline-1677563399.json",
				"timeline-1677844059.json",
				"timeline-1677848716.json",
				"timeline-1677848766.json",
				"timeline-1678420458.json",
				"timeline-1678424833.json",
				"timeline-1678427077.json"
			],
			"folders": {

			},
			"metadata": {
				"color": null,
				"folded": false
			}
		}
	}
}
